2015-10-17,263.47,275.19,258.32,270.84,39193.2197649,10563877.3208,269.533286221
2015-10-16,255.19,267.83,254.91,261.7,20212.6518657,5302225.27155,262.322099386
2015-10-15,253.5,257.5,253.44,254.5,9829.27422806,2510708.73016,255.431751308
2015-10-14,251.08,255.95,250.1,254.26,9622.1078941,2433257.82923,252.881993842
2015-10-13,246.15,253.43,244.0,250.19,16051.9090402,4004009.58952,249.441333084
2015-10-12,247.92,248.45,245.21,246.31,4933.8934164,1218405.06786,246.945964379
2015-10-11,245.93,248.73,243.75,247.8,4647.39626356,1146670.35123,246.733931476
2015-10-10,244.93,246.41,243.5,245.92,3982.33120007,977356.431197,245.423191115
2015-10-09,242.99,245.45,242.63,244.83,3364.4362099,821829.267114,244.269534579
2015-10-08,244.0,245.65,243.0,243.52,5328.4791818,1301185.87586,244.194606277
2015-10-07,247.35,247.93,243.6,244.16,7631.77182804,1875707.88582,245.776200872
2015-10-06,242.01,249.01,241.51,246.6,15625.4911766,3841521.52308,245.849649118
2015-10-05,239.47,241.95,236.24,241.27,10889.0322965,2609648.07863,239.658401921
2015-10-04,239.73,240.93,239.29,239.56,1987.25922046,476847.791241,239.952486486
2015-10-03,237.84,241.11,237.68,240.11,6023.68350636,1444525.48053,239.807665692
2015-10-02,238.25,240.0,237.33,237.55,5108.9895715,1218772.12845,238.554436527
2015-10-01,236.72,240.09,236.19,238.44,6006.66076478,1430805.015,238.203066734
2015-09-30,236.9,238.78,235.11,237.08,5015.9869729,1188870.02174,237.016170131
2015-09-29,240.43,241.5,236.88,237.9,8862.71646087,2116815.59267,238.845008979
2015-09-28,233.37,241.39,233.37,240.0,11589.0271043,2764064.36432,238.50702388
2015-09-27,234.63,234.78,233.0,233.52,2512.5240552,587499.789183,233.828523141
2015-09-26,235.39,235.95,233.75,235.31,4673.7725088,1098004.63351,234.928985407
2015-09-25,234.65,237.7,233.05,235.34,9651.23449663,2281947.78989,236.441026346
2015-09-24,230.57,236.25,230.54,234.0,13357.7526737,3130670.65295,234.37105997
2015-09-23,231.43,233.0,230.03,230.53,5382.75272165,1246625.62901,231.596302761
2015-09-22,227.25,233.95,224.25,230.35,18113.7375572,4145222.03981,228.844103914
2015-09-21,232.11,232.97,227.0,228.18,8601.71147893,1966809.89872,228.653321323
2015-09-20,232.01,233.38,231.4,232.14,3278.77155788,762084.487561,232.429882384
2015-09-19,233.79,234.19,231.4,232.09,4823.24613375,1122385.06925,232.70325381
2015-09-18,233.65,236.26,232.52,234.32,8457.83605055,1981202.35213,234.244591677
2015-09-17,228.99,235.71,228.99,233.81,11007.0195221,2556265.75364,232.239594789
2015-09-16,230.91,232.12,227.33,228.76,8364.50380149,1917893.3757,229.289557542
2015-09-15,231.07,232.93,229.5,230.22,6392.06287658,1478433.95158,231.292147798
2015-09-14,231.11,233.9,228.4,232.51,8565.51132506,1980430.96831,231.209894326
2015-09-13,235.86,236.85,228.95,230.04,11222.7382625,2614611.62922,232.974481633
2015-09-12,240.9,241.0,235.33,236.74,8709.27129799,2068574.4647,237.514069079
2015-09-11,239.4,242.89,239.39,240.9,6722.52657454,1619427.84239,240.895714496
2015-09-10,238.97,241.9,237.01,239.56,10166.4558188,2438057.32665,239.813890907
2015-09-09,244.2,245.57,238.38,239.0,14870.3434659,3582943.28607,240.945563517
2015-09-08,240.91,247.68,240.27,244.12,16036.4724239,3921830.04348,244.556903776
2015-09-07,241.0,243.0,239.03,241.29,6559.73884206,1581938.63861,241.158783405
2015-09-06,235.84,248.48,235.5,242.16,20202.8079421,4878342.65645,241.468545879
2015-09-05,230.88,239.76,230.01,235.89,10902.8315136,2555170.57089,234.358438696
2015-09-04,227.29,231.66,227.01,231.31,10597.1114759,2437526.91274,230.018049569
2015-09-03,229.71,229.96,226.51,227.05,6205.60876813,1413450.1589,227.769782419
2015-09-02,228.24,231.89,226.51,229.58,8613.88815341,1973817.61673,229.143631956
2015-09-01,231.06,232.39,226.55,227.45,9033.05435585,2066382.04222,228.757844336
2015-08-31,229.99,233.69,225.31,230.77,10596.6426777,2441493.80162,230.402578994
2015-08-30,230.9,233.96,225.2,227.8,8264.11483194,1894263.1021,229.215486548
2015-08-29,232.08,234.03,227.88,228.64,8172.07076409,1882805.7475,230.395184018
2015-08-28,225.66,238.9,220.11,234.02,25826.655895,5934491.63255,229.781651045
2015-08-27,226.13,229.5,224.0,227.47,10553.823932,2393026.21378,226.744943748
2015-08-26,222.7,232.38,220.1,226.58,22603.0472049,5132941.26308,227.09067572
2015-08-25,210.49,228.77,196.6,222.21,67630.7530411,14390922.3744,212.786664754
2015-08-24,228.1,228.69,207.62,210.38,51138.2544231,11111560.6961,217.284708316
2015-08-23,230.33,232.88,225.58,227.24,11424.1951693,2623837.41269,229.673720888
2015-08-22,232.46,234.71,221.77,230.59,20085.0397944,4584438.6283,228.251408771
2015-08-21,235.55,236.43,230.52,232.25,12628.4309405,2945646.14519,233.255117684
2015-08-20,226.31,237.94,226.27,236.11,25156.6862515,5878889.23516,233.690923215
2015-08-19,194.52381,255.08,178.12,224.28,80877.4869567,18301925.0818,226.291960476
2015-08-18,258.5,258.5,246.69,252.87,35047.4619091,8849346.53863,252.496074083
2015-08-17,259.9,262.37,257.4,258.17,9713.08046891,2518496.79205,259.28919256
2015-08-16,262.04,262.9,256.5,260.94,26096.6120091,6775435.66514,259.628938147
2015-08-15,266.32,267.76,263.01,263.19,6623.81701762,1759453.00311,265.625242731
2015-08-14,264.47,268.97,262.13,267.44,12534.9400121,3331690.36161,265.792286073
2015-08-13,267.09,268.0,263.33,265.09,12328.0915205,3271800.45112,265.393913216
2015-08-12,271.97,273.75,265.8,269.83,15402.220061,4149075.71821,269.381667173
2015-08-11,265.09,270.3,264.81,269.63,9829.10099422,2622518.52745,266.811637096
2015-08-10,265.69,267.72,262.17,264.79,9826.58075018,2603963.29292,264.991797159
2015-08-09,261.34,267.6,260.73,265.37,19470.5924082,5141197.37166,264.049355247
2015-08-08,280.04,280.32,266.0,266.75,29849.4614437,8099359.73702,271.340230118
2015-08-07,279.08,281.0,276.07,279.34,11893.9852475,3315544.32497,278.758066029
2015-08-06,282.58,282.58,278.0,279.2,9867.3902051,2763506.50393,280.064581058
2015-08-05,285.47,285.94,281.49,283.15,7104.89329005,2013656.39041,283.418245455
2015-08-04,281.28,285.94,281.28,285.47,11987.335316,3409364.2786,284.413857519
2015-08-03,282.44,287.05,279.7,281.28,14793.6287321,4203662.4339,284.153571109
2015-08-02,280.31,283.44,276.26,282.44,11736.2155571,3280098.46822,279.485192842
2015-08-01,284.45,284.99,276.53,280.31,12322.3679102,3445681.29808,279.628178868
2015-07-31,288.02,289.85,281.0,284.45,14579.9360617,4148038.2085,284.503182384
2015-07-30,289.92,291.0,284.01,288.21,12128.6971334,3484865.21433,287.32395376
2015-07-29,295.24,295.68,286.02,289.92,15838.0626616,4610469.46707,291.100595165
2015-07-28,294.73,298.93,293.61,295.23,14362.9927035,4248414.42804,295.788942857
2015-07-27,293.0,298.74,286.0,294.84,25470.1120775,7467717.19404,293.195301667
2015-07-26,289.36,294.57,288.12,293.01,9326.27781654,2723881.76104,292.065260613
2015-07-25,288.58,292.35,286.39,289.37,11608.5300555,3358150.72952,289.283028381
2015-07-24,276.48,289.93,276.02,288.6,24289.5171357,6910185.9061,284.492518624
2015-07-23,277.88,278.44,275.56,276.51,5434.12477348,1506252.54835,277.184019715
2015-07-22,275.55,278.39,274.5,277.99,10967.3977903,3032647.09212,276.514734863
2015-07-21,280.2,282.1,275.09,275.55,13039.3777523,3641522.84635,279.271213361
2015-07-20,275.04,280.5,273.5,280.2,12344.2415505,3422224.35089,277.232451818
2015-07-19,277.25,279.18,274.69,275.04,8015.11644591,2217392.08267,276.651262353
2015-07-18,279.52,283.33,276.12,277.25,15384.9051982,4300071.77775,279.499400377
2015-07-17,278.93,281.55,272.0,279.82,25359.4462727,7023191.40694,276.945771269
2015-07-16,285.42,295.0,275.21,278.94,52863.271368,14924249.5955,282.317934728
2015-07-15,286.87,294.44,283.51,285.42,21732.2983354,6291623.94894,289.505686506
2015-07-14,292.6,297.25,286.0,286.83,23541.1863421,6856724.91514,291.265054169
2015-07-13,311.14,312.0,281.5,292.65,74168.2658166,21645668.5608,291.845418287
2015-07-12,293.19,316.23,291.81,311.14,61504.919357,18797763.7959,305.630248644
2015-07-11,285.35,299.56,283.46,293.18,38177.4689727,11159029.105,292.29358062
2015-07-10,269.22,296.1,268.58,285.36,89649.0516986,25551538.8914,285.017391788
2015-07-09,270.49,274.0,266.22,269.23,24012.1372514,6489316.58159,270.251519623
2015-07-08,265.78,274.11,263.0,270.52,35180.2476229,9475406.5337,269.33882431
2015-07-07,269.24,271.5,262.61,265.72,22314.5522833,5954662.10516,266.851067839
2015-07-06,271.82,278.69,267.33,269.23,56608.3608222,15490041.8751,273.635230734
2015-07-05,260.57,275.88,258.0,271.96,47847.8565046,12844747.6523,268.449802993
2015-07-04,256.12,262.64,253.57,260.58,9743.30293773,2512440.13894,257.863288763
2015-07-03,254.52,256.9,252.11,256.09,11553.1622049,2940004.18425,254.476145327
2015-07-02,258.08,262.61,253.0,254.52,17333.6982928,4444033.74597,256.381164071
2015-07-01,262.9,264.81,252.77,258.1,21546.0343286,5561130.92994,258.104616614
2015-06-30,256.7,269.0,253.05,262.89,47275.256142,12438732.2473,263.112952998
2015-06-29,248.71,257.74,248.57,256.69,34766.0316297,8815780.35633,253.574536496
2015-06-28,251.6,252.06,247.25,248.71,12904.1308524,3223200.98121,249.780556171
2015-06-27,243.29,251.77,242.6,251.61,18134.80647,4496257.85124,247.935254158
2015-06-26,242.15,243.9,240.61,243.29,10163.3707055,2460568.08477,242.101577918
2015-06-25,239.75,243.0,239.5,242.05,8703.1761925,2102667.42898,241.597708983
2015-06-24,244.19,244.19,239.0,239.8,15567.4440663,3757699.11738,241.381892967
2015-06-23,246.69,247.35,242.0,244.25,11550.6436554,2820955.57759,244.22496804
2015-06-22,244.25,247.99,243.5,246.67,18508.5265582,4551749.93226,245.927190257
2015-06-21,245.38,245.69,241.09,244.25,8170.86177002,1987049.65354,243.187280543
2015-06-20,244.56,245.9,240.0,245.38,23906.5002143,5804876.24388,242.815811258
2015-06-19,249.38,252.13,243.5,244.58,23929.3557002,5924108.25392,247.566559172
2015-06-18,248.96,253.7,243.0,249.51,27557.7940177,6864847.81646,249.107305615
2015-06-17,252.19,259.1,246.0,248.95,47481.6399724,11982690.164,252.364707095
2015-06-16,236.97,254.0,236.0,252.17,50864.7083238,12489594.7442,245.545391998
2015-06-15,233.5,238.16,233.35,236.98,19153.6613626,4525698.26105,236.283714919
2015-06-14,232.86,235.44,232.51,233.54,8262.11109659,1932862.20485,233.942896949
2015-06-13,229.51,234.3,228.4,232.87,11058.6270951,2555693.76778,231.104073391
2015-06-12,229.99,231.34,229.11,229.55,9752.03407847,2245838.72795,230.29438883
2015-06-11,228.61,230.7,228.6,230.0,9540.22374616,2191914.93345,229.755086649
2015-06-10,229.06,229.97,227.48,228.6,10773.5126228,2465365.65553,228.83582559
2015-06-09,228.79,232.07,227.79,229.06,16389.2326895,3776269.00922,230.411580625
2015-06-08,223.29,230.63,223.25,228.76,28828.6623825,6546519.03276,227.083690041
2015-06-07,225.69,227.0,222.29,223.26,17255.8954815,3872173.29558,224.397122696
2015-06-06,224.7,228.0,223.9,225.66,6830.97598346,1537956.11894,225.144418991
2015-06-05,223.24,229.23,222.65,224.51,17603.3349192,3955800.07566,224.71878731
2015-06-04,225.14,225.77,222.64,223.24,11211.433396,2517332.44071,224.53261343
2015-06-03,224.7,227.0,222.26,225.11,17205.3527286,3869950.31682,224.927112966
2015-06-02,222.01,226.0,220.97,224.68,16451.1719639,3680098.85871,223.698279173
2015-06-01,228.38,230.89,219.71,222.0,31722.4036283,7114621.71734,224.277510642
2015-05-31,232.35,232.69,227.0,228.7,11657.2744918,2680431.03756,229.936340561
2015-05-30,236.72,236.73,228.2,232.54,14770.9904026,3435669.78278,232.595762988
2015-05-29,236.83,237.16,235.02,236.52,6839.5288437,1615886.44736,236.25698265
2015-05-28,236.48,237.5,235.85,236.86,5791.2565839,1371064.99085,236.747408959
2015-05-27,237.37,239.3,235.0,236.85,9190.00257476,2180474.3814,237.265916267
2015-05-26,237.1,238.5,235.26,237.36,8818.48722363,2092716.09066,237.310100654
2015-05-25,240.92,241.12,236.1,237.1,8684.72025188,2069707.36971,238.315951428
2015-05-24,238.86,242.98,238.52,240.96,7277.27708444,1753986.91029,241.022416755
2015-05-23,240.97,241.2,237.54,238.81,8514.03827738,2040864.5633,239.705824288
2015-05-22,235.25,241.83,234.59,240.97,22839.3336978,5435553.53186,237.990897799
2015-05-21,234.26,236.5,233.9,235.27,10508.6308148,2473766.98258,235.403358075
2015-05-20,231.56,235.24,231.56,234.24,11419.180367,2670840.14598,233.890704949
2015-05-19,232.83,236.76,231.19,231.7,5963.96140137,1388341.73997,232.788518659
2015-05-18,236.25,237.25,229.0,232.82,14181.5302039,3317308.72264,233.917544506
2015-05-17,235.85,238.24,235.6,236.15,4806.56015574,1137910.8123,236.741198577
2015-05-16,237.24,237.58,234.0,235.7,6100.36287139,1440278.631,236.097206242
2015-05-15,236.7,239.0,233.88,237.3,9528.63072937,2260195.89302,237.200491572
2015-05-14,235.72,238.39,232.1,236.68,19128.4852997,4515666.83179,236.070277444
2015-05-13,242.01,245.0,234.22,235.7,27912.3056392,6691339.7043,239.72722966
2015-05-12,242.44,244.67,240.86,241.92,13639.3247039,3302760.56685,242.149859949
2015-05-11,240.8,245.49,238.5,242.46,15989.077249,3873897.8593,242.284016705
2015-05-10,242.53,245.95,238.79,240.73,11933.4066535,2887056.94658,241.930659904
2015-05-09,244.52,249.21,240.1,242.54,19372.3110459,4725893.00046,243.95091475
2015-05-08,237.3,249.22,236.2,244.5,31065.2996606,7572471.78762,243.759817879
2015-05-07,229.04,239.79,227.81,237.3,27216.1271178,6384304.40662,234.577990432
2015-05-06,235.85,236.75,226.42,229.27,47524.9971657,10993418.4666,231.318655911
2015-05-05,238.68,239.49,231.05,235.87,26115.9077076,6133736.60408,234.865916695
2015-05-04,240.69,243.6,236.98,238.54,24658.0932853,5913221.22529,239.808534945
2015-05-03,234.76,243.73,233.75,240.57,19159.4783794,4601304.97506,240.158154828
2015-05-02,231.75,235.79,231.75,234.81,8932.20058187,2091932.49734,234.201245053
2015-05-01,236.18,239.25,231.26,231.78,17016.6398589,4001970.20067,235.17981422
2015-04-30,225.56,240.89,224.63,236.11,41361.8577556,9683960.74139,234.127799544
2015-04-29,225.3,227.8,222.66,225.23,12204.2370919,2748769.64847,225.230764346
2015-04-28,226.91,228.05,222.16,225.3,17189.7187287,3867077.22657,224.964543493
2015-04-27,219.73,232.49,218.24,227.13,35237.9739226,7892773.87198,223.984894515
2015-04-26,226.1,226.84,213.92,219.7,40909.6564983,8976844.51596,219.430943311
2015-04-25,231.21,232.7,225.35,226.01,13390.7287584,3058949.94346,228.437898987
2015-04-24,235.82,236.51,228.7,231.38,22481.3834288,5222867.84855,232.319681976
2015-04-23,234.35,237.22,233.0,236.01,8848.92120824,2078827.0168,234.924344774
2015-04-22,236.18,238.99,232.0,234.14,22065.5891519,5201793.91391,235.742353313
2015-04-21,224.21,236.99,224.16,236.96,31768.4230911,7320208.49909,230.424043337
2015-04-20,222.28,227.0,221.24,224.21,19932.0480658,4475455.56234,224.535659735
2015-04-19,223.23,227.0,222.1,222.16,17571.7854685,3945220.64008,224.520191597
2015-04-18,222.39,224.16,219.94,223.08,11898.008681,2649103.50096,222.650997489
2015-04-17,228.23,228.98,219.58,222.4,27060.8607461,6047872.34152,223.491499338
2015-04-16,223.8,230.0,223.01,228.14,28949.2275376,6576987.00496,227.190414543
2015-04-15,220.1,224.75,219.01,223.98,24034.5246067,5329178.50082,221.730139789
2015-04-14,224.9,225.75,216.37,220.16,40768.8300318,8984932.18743,220.387295402
2015-04-13,236.21,237.7,220.14,224.9,47137.094012,10696302.8034,226.919012035
2015-04-12,236.83,238.7,232.38,236.38,10100.9528618,2387064.72577,236.320747006
2015-04-11,236.12,240.58,233.72,236.86,17745.9435584,4207682.81961,237.106739676
2015-04-10,243.56,243.74,230.75,236.12,37332.5569562,8808599.14236,235.949526648
2015-04-09,244.94,246.79,236.5,243.58,22642.2355531,5489603.96799,242.44973316
2015-04-08,253.7,254.99,242.72,244.92,39627.0914263,9804491.27679,247.418897625
2015-04-07,255.62,257.9,253.01,253.7,10602.2521199,2706156.00645,255.243506365
2015-04-06,260.75,262.45,253.4,255.73,20821.2878821,5359107.89405,257.385994776
2015-04-05,253.7,261.25,251.55,260.5,23998.8744946,6180785.52839,257.544808186
2015-04-04,254.24,255.7,250.32,253.6,9458.99655888,2390124.08359,252.682625341
2015-04-03,253.33,256.49,250.31,254.24,28294.9928171,7169805.26526,253.394843095
2015-04-02,247.07,254.94,243.0,253.23,26215.5431042,6551450.95859,249.907123134
2015-04-01,244.56,248.71,239.21,246.93,23555.2695753,5755616.99983,244.345197639
2015-03-31,247.93,248.8,242.0,244.51,22340.6019467,5475229.44809,245.079763793
2015-03-30,242.9,250.98,236.24,247.93,30725.3599198,7537267.46726,245.310957689
2015-03-29,252.9,253.01,238.89,242.74,31825.7683493,7785640.45496,244.633228317
2015-03-28,246.5,255.96,246.49,252.95,17724.6877324,4469541.55877,252.164756088
2015-03-27,249.21,250.45,245.23,246.5,22731.1119358,5629144.97658,247.640546247
2015-03-26,246.29,255.0,244.5,249.33,33260.9684126,8325531.26071,250.309346301
2015-03-25,246.0,250.95,235.7,246.29,53254.5317815,12984019.6434,243.810605577
2015-03-24,267.31,268.4,241.39,246.0,64117.8698715,16083186.2974,250.837813696
2015-03-23,268.6,271.5,262.0,267.23,23532.3849302,6285105.30257,267.083226847
2015-03-22,260.6,270.8,259.74,268.82,18263.4907552,4841942.65668,265.115947525
2015-03-21,262.18,263.01,255.1,260.47,15082.649219,3911208.54535,259.318405444
2015-03-20,261.7,267.0,259.36,262.19,16197.4779677,4249218.40717,262.338273628
2015-03-19,257.2,269.5,246.98,261.98,78451.5371757,20261007.0048,258.261440555
2015-03-18,285.11,285.25,248.0,257.21,89923.4157283,24020508.0744,267.121837842
2015-03-17,291.24,292.9,281.56,285.25,22235.3698545,6408430.76067,288.20886734
2015-03-16,286.71,295.2,286.45,291.22,22313.4246187,6506118.29866,291.578653203
2015-03-15,282.54,287.8,281.59,286.9,13427.520501,3829300.66564,285.18300645
2015-03-14,283.18,287.6,281.36,282.6,23009.6210724,6539745.4279,284.21786727
2015-03-13,295.52,295.91,282.13,283.19,46670.65121,13520593.4356,289.702266522
2015-03-12,296.6,298.8,291.04,295.55,27275.4975594,8055560.82621,295.340563767
2015-03-11,292.64,298.75,291.0,296.7,25811.0917904,7611153.3402,294.87917063
2015-03-10,291.04,303.96,289.03,292.62,67389.7821945,19939924.2567,295.889430227
2015-03-09,275.58,295.0,275.01,291.0,62908.3776801,17995712.6814,286.062259829
2015-03-08,276.98,278.68,271.61,275.59,13853.7948903,3817423.11616,275.550717071
2015-03-07,273.27,280.76,270.55,276.97,22856.9456037,6307498.40177,275.955436529
2015-03-06,277.69,279.75,268.8,273.36,40276.5719699,11023507.1497,273.695267759
2015-03-05,272.92,284.99,262.0,277.69,66108.8846339,17974279.1321,271.889009044
2015-03-04,283.8,285.99,267.0,273.33,71521.5877659,19874882.512,277.886483408
2015-03-03,277.3,294.0,267.04,283.75,81226.3982969,22626555.4683,278.561599957
2015-03-02,262.47,279.61,258.98,277.41,67168.4404979,17991043.1471,267.849648045
2015-03-01,255.7,266.91,245.65,262.4,47597.4246682,12162953.398,255.538056582
2015-02-28,255.06,257.4,251.25,255.7,17286.145574,4396800.27828,254.354000403
2015-02-27,236.93,262.8,236.64,255.05,69855.1332944,17686987.0187,253.195236836
2015-02-26,237.98,238.33,233.62,236.93,18687.2468658,4417585.08418,236.395714998
2015-02-25,239.95,240.83,235.53,237.99,13529.6277305,3219411.96126,237.952737902
2015-02-24,239.33,240.99,236.7,239.73,16615.8145606,3973261.12235,239.125268753
2015-02-23,236.5,241.0,232.61,239.4,23852.2713174,5657233.65167,237.177985123
2015-02-22,245.53,247.78,232.1,236.5,33576.5010611,8013827.55334,238.673694402
2015-02-21,244.51,247.73,243.28,245.54,16187.3669003,3972390.47605,245.400657223
2015-02-20,240.2,248.98,238.95,244.5,31341.12721,7655137.6071,244.252146893
2015-02-19,236.26,243.42,234.97,240.0,23848.0642359,5709455.9918,239.409619805
2015-02-18,243.82,244.99,231.01,236.27,39347.7325268,9338691.64965,237.337479188
2015-02-17,233.5,246.28,231.5,244.0,40898.7859439,9817186.91513,240.036145049
2015-02-16,235.34,243.65,228.62,233.5,47236.5223356,11146672.5973,235.975724844
2015-02-15,257.01,268.54,228.2,235.88,103145.29818,25478127.1493,247.012007323
2015-02-14,235.8,261.3,235.51,257.0,80559.7301742,20117050.4117,249.715960669
2015-02-13,222.39,242.5,221.46,236.13,68319.5956594,15985512.6672,233.981371126
2015-02-12,219.8,223.2,217.8,222.55,19995.1097513,4413563.0429,220.732123894
2015-02-11,220.75,224.4,218.1,219.8,19279.6453424,4266580.59768,221.299744985
2015-02-10,220.48,223.88,214.0,220.87,29287.5848441,6406149.45967,218.732595868
2015-02-09,224.13,225.98,215.33,220.48,48175.3483569,10597812.2732,219.984133683
2015-02-08,228.8,232.9,221.1,223.85,26127.2635473,5925941.87797,226.810659572
2015-02-07,222.66,239.78,222.66,228.8,35471.8367737,8103983.21759,228.462463596
2015-02-06,216.43,225.88,215.0,222.65,35652.2792293,7872656.48773,220.817761386
2015-02-05,227.78,228.8,210.12,216.47,37872.2522445,8325553.50525,219.832542609
2015-02-04,227.81,233.0,220.23,227.78,44325.985832,10013343.2109,225.902323952
2015-02-03,238.86,248.42,222.66,227.96,81380.3036724,19240792.0447,236.43057566
2015-02-02,226.86,247.5,222.5,238.99,52340.3435041,12111898.329,231.406550247
2015-02-01,215.91,233.32,211.02,226.92,55663.9559838,12297042.9093,220.915719912
2015-01-31,226.45,234.03,213.1,215.8,48931.5109103,11005928.2634,224.925167006
2015-01-30,233.7,243.89,224.22,226.44,51255.891706,11863795.7496,231.462088645
2015-01-29,234.49,239.33,220.0,233.01,60106.9209117,13873298.2118,230.81032935
2015-01-28,265.55,269.97,226.35,234.5,87045.9806322,21426472.2697,246.151196346
2015-01-27,276.01,280.37,250.0,265.09,81712.867148,21497367.4728,263.084239033
2015-01-26,254.72,315.0,254.65,276.01,205992.024679,58306610.8799,283.052758818
2015-01-25,248.94,259.39,245.0,254.73,54049.081403,13591924.3056,251.473733739
2015-01-24,233.37,249.77,229.03,248.66,40097.0425939,9697340.82686,241.846784688
2015-01-23,234.7,236.98,225.13,233.12,40153.1022179,9254855.46539,230.489176531
2015-01-22,228.05,242.0,225.29,234.7,57343.0143833,13407572.7628,233.813532599
2015-01-21,212.1,230.0,211.0,228.08,57794.8859803,12712720.7008,219.962726549
2015-01-20,216.14,219.25,203.7,212.11,52169.9644995,11046219.2551,211.735226601
2015-01-19,210.98,219.95,207.0,216.2,32438.305494,6924751.26616,213.474506781
2015-01-18,201.08,222.0,194.0,211.03,65571.72956,13704808.3823,209.004832941
2015-01-17,208.52,214.0,192.2,201.09,48910.3651222,9821681.92231,200.809826256
2015-01-16,209.81,223.1,197.72,208.5,80331.4651895,17000066.0051,211.624000197
2015-01-15,181.0,230.74,179.05,209.81,184371.653532,38291583.4494,207.686934058
2015-01-14,228.49,228.49,166.45,182.0,269565.299795,52572620.172,195.02740231
2015-01-13,268.6,269.66,219.0,228.07,150459.101948,36070598.5244,239.73689898
2015-01-12,267.54,274.44,266.24,268.75,21418.4799584,5791812.09452,270.411910918
2015-01-11,276.01,282.86,265.83,267.27,22815.0246221,6225181.16275,272.854457352
2015-01-10,290.58,292.1,275.0,276.03,25031.9546286,7014503.10352,280.221948609
2015-01-09,283.99,297.32,280.4,290.51,28829.1587536,8304659.86555,288.064592399
2015-01-08,297.89,298.47,282.01,283.21,32664.9816563,9467852.32591,289.847164941
2015-01-07,288.36,303.33,284.0,297.99,31046.8941691,9080072.27247,292.463143753
2015-01-06,274.85,291.94,272.1,288.43,36115.5902891,10173246.3362,281.68572782
2015-01-05,264.04,280.44,263.75,274.84,50869.734678,13845226.9699,272.170221794
2015-01-04,278.04,288.74,255.03,264.19,81273.8104161,22037354.9211,271.149522931
2015-01-03,315.8,315.99,277.5,278.22,47380.8125807,14047256.0742,296.475626083
2015-01-02,314.54,316.74,313.28,315.81,3834.54400829,1208326.06025,315.115971452
2015-01-01,322.31,322.9,313.81,314.96,5178.76754651,1642399.40875,317.140978813
2014-12-31,310.81,322.79,309.39,322.3,11799.3426941,3739158.00223,316.89544911
2014-12-30,312.86,315.93,307.1,310.8,10131.5798437,3159531.68363,311.849852873
2014-12-29,316.96,320.5,312.51,312.64,8180.84794242,2581239.56653,315.522252057
2014-12-28,315.9,319.79,310.08,316.94,9755.01879016,3079737.82116,315.708035772
2014-12-27,327.79,330.6,310.0,315.89,17451.1003465,5553675.2702,318.242125707
2014-12-26,318.49,332.4,316.17,327.2,14115.5040817,4598802.20798,325.797943973
2014-12-25,322.62,323.4,315.5,318.5,7461.24419785,2381247.49795,319.148849014
2014-12-24,335.69,335.93,320.0,322.61,13880.724855,4531939.39403,326.491551513
2014-12-23,332.41,337.79,330.0,335.7,11857.4152485,3957227.20301,333.734386463
2014-12-22,321.19,336.85,319.64,332.63,20417.8630257,6753113.33461,330.745354013
2014-12-21,329.69,329.73,316.85,320.79,15844.3314854,5122656.99889,323.311652727
2014-12-20,318.47,330.0,315.3,329.66,20230.0022758,6557472.20949,324.145895788
2014-12-19,311.76,319.97,305.6,318.47,23129.5081042,7231020.5812,312.631835862
2014-12-18,319.5,325.0,302.32,311.77,48437.4632486,15105003.3757,311.845467592
2014-12-17,325.13,335.0,314.21,318.86,37507.4926257,12067620.7341,321.738935059
2014-12-16,346.34,346.93,325.1,325.1,31193.9488857,10453198.4746,335.103404604
2014-12-15,353.7,354.6,345.45,346.01,11205.5402306,3912141.01578,349.125605305
2014-12-14,346.56,358.0,345.04,353.65,9209.64827544,3238397.02247,351.63091202
2014-12-13,352.49,352.49,344.11,346.56,10150.7907967,3525756.55786,347.338116653
2014-12-12,348.06,354.9,346.11,352.29,11747.1110543,4128392.61265,351.438970276
2014-12-11,345.12,362.99,335.7,348.53,34756.8873945,12208329.8642,351.249227977
2014-12-10,352.0,352.5,345.0,345.08,12333.0905763,4303995.07187,348.979442358
2014-12-09,362.1,363.91,343.0,351.99,35819.342129,12577358.2655,351.133145332
2014-12-08,376.29,378.34,362.11,362.11,18445.056077,6796866.16253,368.492572435
2014-12-07,376.59,379.8,373.01,376.02,4911.27297998,1852143.06708,377.120773908
2014-12-06,378.3,381.19,370.11,376.69,9095.07782377,3419548.65675,375.977943566
2014-12-05,370.74,382.51,366.1,378.18,17780.492882,6659742.94861,374.553337345
2014-12-04,376.24,380.33,367.8,370.99,13242.281198,4941614.71022,373.169443868
2014-12-03,384.67,386.3,372.64,376.0,14324.2107211,5432256.41372,379.236002562
2014-12-02,382.0,387.99,379.08,384.5,11192.7890284,4297618.61024,383.963156934
2014-12-01,379.67,386.5,377.3,382.0,11947.4151653,4560146.13002,381.68474661
2014-11-30,376.07,385.59,373.7,379.89,14311.3745466,5433841.23326,379.68688581
2014-11-29,377.79,390.0,371.0,376.28,20412.5057091,7768988.829,380.599468763
2014-11-28,369.99,387.5,355.51,377.43,30530.3131673,11303206.7733,370.228982302
2014-11-27,370.0,375.0,368.15,370.0,7049.53362177,2618278.78581,371.411631788
2014-11-26,377.0,379.26,365.22,369.99,21003.0826089,7806636.07828,371.690014445
2014-11-25,376.06,396.87,375.08,377.02,27198.6343359,10470764.6479,384.973911506
2014-11-24,368.0,391.92,363.62,376.05,42068.5101831,15915300.6139,378.318617526
2014-11-23,352.44,372.28,351.5,368.25,14133.6076872,5134814.52388,363.305295966
2014-11-22,350.11,365.3,349.1,352.81,15563.5713302,5564200.84732,357.514398801
2014-11-21,356.59,357.39,340.0,350.46,36251.4746618,12676544.9477,349.683566418
2014-11-20,376.73,379.5,352.01,356.77,21885.5100714,7916710.00879,361.732944901
2014-11-19,372.89,386.0,368.55,375.26,17154.9649662,6475979.55191,377.498850314
2014-11-18,387.5,393.0,366.46,372.85,37172.752388,14061215.5877,378.266732603
2014-11-17,391.8,413.48,373.0,387.5,47132.7426813,18598371.1709,394.595563781
2014-11-16,375.37,399.9,372.5,391.65,24666.2562562,9530886.17703,386.393706366
2014-11-15,400.0,410.1,368.0,375.34,43985.6414338,16932060.3529,384.945173037
2014-11-14,417.65,425.67,382.22,399.99,59088.7994461,23634872.3396,399.989042952
2014-11-13,432.0,475.0,381.56,417.65,144950.779916,62224610.9814,429.280967081
2014-11-12,367.66,436.0,367.59,433.56,103874.428563,42226262.2131,406.512582521
2014-11-11,366.17,371.45,360.74,367.65,9279.61672218,3390648.54443,365.386701406
2014-11-10,362.6,374.26,356.33,366.07,33065.3365692,12123543.627,366.654172766
2014-11-09,345.01,364.12,343.41,362.61,37906.6380311,13372849.4188,352.783842445
2014-11-08,342.04,348.3,341.0,345.0,7334.53186932,2527367.07286,344.584646694
2014-11-07,350.49,354.0,338.1,341.84,18854.393888,6514816.00523,345.53303829
2014-11-06,338.62,354.32,336.32,350.48,24873.4457978,8618163.207,346.480470662
2014-11-05,329.75,342.54,329.75,338.62,26963.2496424,9101274.79083,337.54369045
2014-11-04,324.83,331.28,321.0,329.66,18823.3697749,6142004.19907,326.296740303
2014-11-03,323.8,334.14,323.8,325.0,15218.5105495,5000789.07801,328.599113674
2014-11-02,325.9,329.55,317.7,323.82,10099.4611317,3264187.33766,323.204109119
2014-11-01,336.72,339.0,315.54,325.9,24974.9940927,8126406.7389,325.38172817
2014-10-31,345.08,347.99,332.14,336.82,19727.1115573,6710472.03808,340.164956162